{
  "last_rebalance": "2026-03-19",
  "regime": "Bear",
  "scores": {
    "KPTI": 27.42489,
    "AUTL": 1.648253,
    "TRDA": 0.496303,
    "GLUE": 0.343775,
    "MNKD": 0.293007,
    "HRTX": 0.260442,
    "ZNTL": 0.21507,
    "TVTX": 0.167654,
    "ALMS": 0.136306,
    "ANNX": 0.125552,
    "STTK": 0.12172,
    "VRDN": 0.120986,
    "IDYA": 0.110347,
    "MAZE": 0.089251,
    "WVE": 0.088995,
    "REPL": 0.084265,
    "PEPG": 0.080703,
    "FBRX": 0.078855,
    "KOD": 0.075565,
    "AVTX": 0.075172
  },
  "portfolio_A": {},
  "portfolio_C_long": {},
  "portfolio_C_short": {},
  "n_long": 0,
  "n_short": 0,
  "capital_deployed_A": 0,
  "position_gate": 0.0,
  "pc6_value": 0.7301,
  "stop_loss_pct": -0.3,
  "spy_inception_price": 657.09,
  "xbi_inception_price": 121.02
}